{"train/loss": 0.0435, "train/grad_norm": 1.7530502080917358, "train/learning_rate": 2.0480854853072127e-07, "train/epoch": 3.0, "train/global_step": 1173, "_timestamp": 1722553992.761495, "_runtime": 824.4239010810852, "_step": 23, "train_runtime": 826.8596, "train_samples_per_second": 45.352, "train_steps_per_second": 1.419, "total_flos": 0.0, "train_loss": 0.1489842302862234, "_wandb": {"runtime": 823}}