{"train/loss": 0.0312, "train/grad_norm": 3.103274345397949, "train/learning_rate": 2.0480854853072127e-07, "train/epoch": 3.0, "train/global_step": 1173, "_timestamp": 1722628319.2221594, "_runtime": 375.6908254623413, "_step": 23, "train_runtime": 377.3975, "train_samples_per_second": 99.365, "train_steps_per_second": 3.108, "total_flos": 0.0, "train_loss": 0.10984958336074842, "_wandb": {"runtime": 375}}